real_time,qoe,bitrate,avg_bitrate,avg_bitrate_variation,avg_stall
0.004,114.76856428571429,191227,191227.0,49053.00000000001,6.3733571428571425
0.464,119.83913333333334,191227,191226.99999999997,45782.799999999996,5.954666666666666
