real_time,qoe,bitrate,avg_bitrate,avg_bitrate_variation,avg_stall
0.02,478.5292,489993,489993.0,0.0,2.666
0.705,481.32419999999996,489993,489992.99999999994,0.0,2.0159999999999996
1.884,483.05623999999995,489993,489992.99999999994,0.0,1.6131999999999997
