real_time,qoe,bitrate,avg_bitrate,avg_bitrate_variation,avg_stall
0.018,42.01829444444444,98699,98699.0,33778.66666666667,5.3260555555555555
0.685,44.98270526315789,98699,98699.0,32000.842105263157,5.050105263157895
4.029,47.66852,98699,98699.0,30400.799999999996,4.797600000000001
34.03,50.09874761904761,98699,98699.0,28953.142857142862,4.5690952380952385
64.03,52.30785000000001,98699,98699.00000000001,27637.090909090908,4.36140909090909
