real_time,qoe,bitrate,avg_bitrate,avg_bitrate_variation,avg_stall
0.013,1251.7279666666668,1547320,1547320.0,292471.6666666666,0.7256666666666667
0.719,1325.5786749999997,1547320,1547319.9999999998,219353.75,0.55525
3.857,1369.94156,1547320,1547320.0,175483.0,0.4407999999999999
19.358,1399.5046333333335,1547320,1547320.0,146235.83333333334,0.36733333333333346
27.781,1420.6217285714288,1547320,1547320.0000000002,125345.0,0.3147142857142861
44.928,1436.4595500000003,1547320,1547320.0000000002,109676.87500000001,0.2752499999999998
47.782,1448.7773777777782,1547320,1547320.0000000002,97490.55555555556,0.24466666666666648
